RMS Current (A),RMS Voltage (V),Load Combinations,%Belt Tension,Power (W),%Power/Nominal_Power,Load,Class_3,Normalized_Power,Normalized_Load
2.341,237.568,0,95,263,27,0,3,0.588,0.0
2.159,240.357,15,75,245,25,4,2,0.324,1.0
2.41,237.373,10,95,270,27,2,3,0.691,0.667
2.146,239.961,5,75,241,25,2,2,0.265,0.333
2.407,236.955,9,95,267,27,2,3,0.647,0.6
2.164,240.374,4,75,241,25,1,2,0.265,0.267
2.467,237.373,15,95,279,28,4,3,0.824,1.0
2.151,240.472,5,75,242,25,2,2,0.279,0.333
2.164,236.991,14,85,246,25,3,2,0.338,0.933
2.405,237.136,12,95,272,28,2,3,0.721,0.8
2.427,236.882,14,95,281,29,3,3,0.853,0.933
2.164,237.02,11,85,240,24,3,2,0.25,0.733
2.147,239.939,5,75,240,24,2,2,0.25,0.333
2.21,240.167,6,75,246,25,2,2,0.338,0.4
2.17,240.052,4,75,242,25,1,2,0.279,0.267
2.52,237.322,3,95,272,28,2,3,0.721,0.2
2.49,237.285,3,95,274,28,2,3,0.75,0.2
2.166,239.909,7,75,245,25,3,2,0.324,0.467
2.403,237.745,2,95,270,27,1,3,0.691,0.133
2.201,240.628,3,75,245,25,2,2,0.324,0.2
2.487,236.757,7,95,284,29,3,3,0.897,0.467
2.489,237.026,11,95,271,28,3,3,0.706,0.733
2.132,240.311,8,75,238,24,1,2,0.221,0.533
2.403,236.642,13,95,272,28,3,3,0.721,0.867
2.495,237.241,12,95,276,28,2,3,0.779,0.8
2.169,240.403,1,75,241,25,1,2,0.265,0.067
2.445,237.442,15,95,279,28,4,3,0.824,1.0
2.159,240.677,2,75,243,25,1,2,0.294,0.133
2.184,240.59,10,75,246,25,2,2,0.338,0.667
2.15,240.09,0,75,238,24,0,2,0.221,0.0
2.173,240.866,0,70,238,24,0,1,0.221,0.0
2.403,237.134,8,95,265,27,1,3,0.618,0.533
2.455,237.363,3,95,272,28,2,3,0.721,0.2
2.475,237.18,14,95,282,29,3,3,0.868,0.933
2.473,237.301,11,95,275,28,3,3,0.765,0.733
2.56,237.318,15,95,281,29,4,3,0.853,1.0
2.459,236.746,7,95,282,29,3,3,0.868,0.467
2.357,237.352,1,95,267,27,1,3,0.647,0.067
2.175,240.753,0,70,237,24,0,1,0.206,0.0
2.167,239.961,15,75,246,25,4,2,0.338,1.0
2.202,241.161,6,85,247,25,2,2,0.353,0.4
2.121,240.602,1,70,234,24,1,1,0.162,0.067
2.158,240.722,5,75,242,25,2,2,0.279,0.333
2.187,239.921,6,75,245,25,2,2,0.324,0.4
2.477,237.354,10,95,276,28,2,3,0.779,0.667
2.162,240.128,15,75,242,25,4,2,0.279,1.0
2.153,240.481,8,85,240,24,1,2,0.25,0.533
2.507,236.868,6,95,275,28,2,3,0.765,0.4
2.173,240.746,10,85,244,25,2,2,0.309,0.667
2.171,240.615,9,85,242,25,2,2,0.279,0.6
2.172,240.74,9,85,242,25,2,2,0.279,0.6
2.106,240.027,0,60,234,24,0,1,0.162,0.0
2.137,239.878,0,0,233,24,0,1,0.147,0.0
2.167,240.523,9,75,242,25,2,2,0.279,0.6
2.173,236.53,6,85,246,24,2,2,0.338,0.4
2.243,236.963,7,85,248,25,3,2,0.368,0.467
2.191,237.32,15,85,244,25,4,2,0.309,1.0
2.19,240.728,6,75,246,25,2,2,0.338,0.4
2.397,237.027,4,95,266,27,1,3,0.632,0.267
2.211,241.153,6,85,246,25,2,2,0.338,0.4
2.56,237.305,6,95,280,28,2,3,0.838,0.4
2.476,237.661,15,95,280,28,4,3,0.838,1.0
2.198,239.793,6,75,246,25,2,2,0.338,0.4
2.189,240.491,3,85,243,25,2,2,0.294,0.2
2.111,239.904,0,30,226,23,0,1,0.044,0.0
2.465,236.695,12,95,272,28,2,3,0.721,0.8
2.163,236.828,14,85,248,25,3,2,0.368,0.933
2.207,237.346,7,85,246,25,3,2,0.338,0.467
2.094,240.131,0,60,230,23,0,1,0.103,0.0
2.161,240.425,12,85,241,25,2,2,0.265,0.8
2.458,236.808,7,95,279,28,3,3,0.824,0.467
2.165,240.691,13,75,241,25,3,2,0.265,0.867
2.351,237.271,8,95,264,27,1,3,0.603,0.533
2.189,240.896,6,85,246,25,2,2,0.338,0.4
2.094,238.88,0,15,224,23,0,1,0.015,0.0
2.175,240.186,4,85,244,25,1,2,0.309,0.267
2.603,237.321,15,95,285,29,4,3,0.912,1.0
2.188,240.592,10,85,245,25,2,2,0.324,0.667
2.157,237.479,13,85,239,24,3,2,0.235,0.867
2.208,240.307,6,75,247,25,2,2,0.353,0.4
2.122,240.422,1,70,234,24,1,1,0.162,0.067
2.143,240.147,15,75,244,25,4,2,0.309,1.0
2.402,237.261,8,95,264,27,1,3,0.603,0.533
2.441,237.518,5,95,270,27,2,3,0.691,0.333
2.497,236.876,11,95,272,28,3,3,0.721,0.733
2.198,240.378,12,75,246,25,2,2,0.338,0.8
2.187,239.944,14,75,246,25,3,2,0.338,0.933
2.17,240.722,12,85,241,25,2,2,0.265,0.8
2.494,237.283,12,95,271,28,2,3,0.706,0.8
2.198,240.459,3,75,246,25,2,2,0.338,0.2
2.164,240.667,2,75,242,25,1,2,0.279,0.133
2.179,240.289,1,75,240,24,1,2,0.25,0.067
2.166,240.525,9,75,240,24,2,2,0.25,0.6
2.166,237.012,11,85,240,24,3,2,0.25,0.733
2.108,240.455,0,60,233,24,0,1,0.147,0.0
2.142,239.384,0,15,232,24,0,1,0.132,0.0
2.135,240.602,8,75,238,24,1,2,0.221,0.533
2.177,240.857,2,85,245,25,1,2,0.324,0.133
2.136,240.462,0,45,235,24,0,1,0.176,0.0
2.175,240.309,4,85,246,25,1,2,0.338,0.267
2.18,240.45,3,85,244,25,2,2,0.309,0.2
2.148,240.459,8,85,240,24,1,2,0.25,0.533
2.158,239.443,11,75,242,25,3,2,0.279,0.733
2.178,236.759,11,85,242,25,3,2,0.279,0.733
2.173,240.471,9,85,243,25,2,2,0.294,0.6
2.152,239.981,5,75,241,25,2,2,0.265,0.333
2.415,237.993,2,95,268,27,1,3,0.662,0.133
2.179,240.436,4,85,243,25,1,2,0.294,0.267
2.187,240.308,7,75,246,25,3,2,0.338,0.467
2.554,237.086,15,95,281,29,4,3,0.853,1.0
2.197,239.932,14,75,246,25,3,2,0.338,0.933
2.172,240.644,9,75,242,25,2,2,0.279,0.6
2.427,237.087,3,95,273,28,2,3,0.735,0.2
2.142,240.252,0,85,239,24,0,2,0.235,0.0
2.438,236.779,6,95,277,28,2,3,0.794,0.4
2.133,240.735,0,45,234,24,0,1,0.162,0.0
2.19,240.417,15,75,246,25,4,2,0.338,1.0
2.182,239.693,4,75,240,24,1,2,0.25,0.267
2.195,240.187,6,75,246,25,2,2,0.338,0.4
2.202,240.52,6,75,247,25,2,2,0.353,0.4
2.201,240.627,10,75,245,25,2,2,0.324,0.667
2.176,240.677,7,75,246,25,3,2,0.338,0.467
2.166,240.054,1,75,241,25,1,2,0.265,0.067
2.191,240.683,3,85,243,25,2,2,0.294,0.2
2.124,240.304,1,70,233,24,1,1,0.147,0.067
2.124,240.143,15,75,246,25,4,2,0.338,1.0
2.158,240.414,13,75,240,24,3,2,0.25,0.867
2.126,240.055,1,70,233,24,1,1,0.147,0.067
2.175,239.681,4,75,242,25,1,2,0.279,0.267
2.36,237.424,1,95,266,27,1,3,0.632,0.067
2.208,240.247,6,75,248,25,2,2,0.368,0.4
2.374,237.667,2,95,267,27,1,3,0.647,0.133
2.409,236.717,13,95,271,28,3,3,0.706,0.867
2.142,240.516,8,75,238,24,1,2,0.221,0.533
2.439,237.234,3,95,277,28,2,3,0.794,0.2
2.173,240.283,10,85,244,25,2,2,0.309,0.667
2.197,239.887,14,75,245,25,3,2,0.324,0.933
2.175,240.134,4,75,241,25,1,2,0.265,0.267
2.163,240.313,1,85,243,25,1,2,0.294,0.067
2.157,240.355,8,85,240,24,1,2,0.25,0.533
2.159,240.38,1,75,241,25,1,2,0.265,0.067
2.338,237.118,8,95,264,27,1,3,0.603,0.533
2.172,240.545,5,75,245,25,2,2,0.324,0.333
2.167,240.35,0,70,237,24,0,1,0.206,0.0
2.38,237.305,1,95,266,27,1,3,0.632,0.067
2.177,240.932,10,75,244,25,2,2,0.309,0.667
2.171,240.592,10,85,244,25,2,2,0.309,0.667
2.211,239.672,14,75,246,25,3,2,0.338,0.933
2.147,240.512,8,75,239,24,1,2,0.235,0.533
2.559,236.985,7,95,279,28,3,3,0.824,0.467
2.551,236.955,6,95,279,28,2,3,0.824,0.4
2.17,240.581,0,70,237,24,0,1,0.206,0.0
2.204,240.44,3,75,246,25,2,2,0.338,0.2
2.154,239.954,0,75,239,24,0,2,0.235,0.0
2.115,239.928,0,60,233,24,0,1,0.147,0.0
2.164,240.25,1,75,240,24,1,2,0.25,0.067
2.175,240.256,4,85,244,25,1,2,0.309,0.267
2.177,240.532,10,75,245,25,2,2,0.324,0.667
2.173,240.608,15,75,245,25,4,2,0.324,1.0
2.389,237.312,4,95,267,27,1,3,0.647,0.267
2.156,240.192,0,70,236,24,0,1,0.191,0.0
2.158,240.239,0,85,237,24,0,2,0.206,0.0
2.162,240.069,12,85,240,24,2,2,0.25,0.8
2.486,237.034,12,95,272,28,2,3,0.721,0.8
2.166,237.06,14,85,247,25,3,2,0.353,0.933
2.193,236.953,15,85,243,25,4,2,0.294,1.0
2.166,237.107,13,85,240,24,3,2,0.25,0.867
2.377,237.398,0,95,264,27,0,3,0.603,0.0
2.531,236.804,14,95,279,28,3,3,0.824,0.933
2.198,240.365,14,75,245,25,3,2,0.324,0.933
2.204,239.992,14,75,246,25,3,2,0.338,0.933
2.167,240.584,12,85,243,25,2,2,0.294,0.8
2.183,240.429,5,75,246,25,2,2,0.338,0.333
2.147,240.553,2,75,240,24,1,2,0.25,0.133
2.474,236.894,7,95,278,28,3,3,0.809,0.467
2.206,240.63,12,75,245,25,2,2,0.324,0.8
2.183,240.9,5,85,244,25,2,2,0.309,0.333
2.104,239.392,0,30,226,23,0,1,0.044,0.0
2.2,236.983,15,85,243,25,4,2,0.294,1.0
2.152,240.245,2,75,241,25,1,2,0.265,0.133
2.158,239.983,11,75,242,25,3,2,0.279,0.733
2.102,240.345,0,60,234,24,0,1,0.162,0.0
2.158,237.025,14,85,248,25,3,2,0.368,0.933
2.168,240.215,1,75,241,25,1,2,0.265,0.067
2.199,239.985,6,75,246,25,2,2,0.338,0.4
2.408,237.688,2,95,267,27,1,3,0.647,0.133
2.185,240.841,5,85,244,25,2,2,0.309,0.333
2.166,240.217,0,75,237,24,0,2,0.206,0.0
2.453,237.164,3,95,275,28,2,3,0.765,0.2
2.184,240.295,1,75,240,24,1,2,0.25,0.067
2.156,237.662,13,85,240,24,3,2,0.25,0.867
2.213,237.322,11,85,246,25,3,2,0.338,0.733
2.436,237.32,13,95,276,28,3,3,0.779,0.867
2.372,236.756,9,95,267,27,2,3,0.647,0.6
2.106,238.869,0,15,228,23,0,1,0.074,0.0
2.395,237.819,0,95,266,27,0,3,0.632,0.0
2.131,240.144,0,45,234,24,0,1,0.162,0.0
2.168,240.113,1,75,241,25,1,2,0.265,0.067
2.123,240.124,0,45,234,24,0,1,0.162,0.0
2.492,237.199,12,95,273,28,2,3,0.735,0.8
2.176,240.101,5,75,244,25,2,2,0.309,0.333
2.381,237.503,5,95,271,28,2,3,0.706,0.333
2.525,237.303,3,95,276,28,2,3,0.779,0.2
2.156,240.836,8,85,240,24,1,2,0.25,0.533
2.174,240.23,0,70,237,24,0,1,0.206,0.0
2.118,240.458,0,45,231,24,0,1,0.118,0.0
2.16,240.07,12,85,240,24,2,2,0.25,0.8
2.151,240.681,8,85,240,24,1,2,0.25,0.533
2.394,237.364,2,95,265,27,1,3,0.618,0.133
2.376,237.449,1,95,264,27,1,3,0.603,0.067
2.438,236.835,13,95,276,28,3,3,0.779,0.867
2.15,240.407,9,75,241,25,2,2,0.265,0.6
2.156,240.147,2,75,242,25,1,2,0.279,0.133
2.368,237.421,8,95,268,27,1,3,0.662,0.533
2.193,240.567,3,85,241,25,2,2,0.265,0.2
2.176,240.094,15,75,246,25,4,2,0.338,1.0
2.174,237.028,11,85,242,25,3,2,0.279,0.733
2.181,240.838,10,75,244,25,2,2,0.309,0.667
2.378,237.858,8,95,266,27,1,3,0.632,0.533
2.169,240.424,4,75,242,25,1,2,0.279,0.267
2.159,237.073,14,85,247,25,3,2,0.353,0.933
2.122,239.776,0,30,232,24,0,1,0.132,0.0
2.21,240.518,6,75,246,25,2,2,0.338,0.4
2.42,237.025,10,95,274,28,2,3,0.75,0.667
2.148,240.509,8,85,240,24,1,2,0.25,0.533
2.452,236.958,5,95,274,28,2,3,0.75,0.333
2.437,237.162,5,95,271,28,2,3,0.706,0.333
2.406,237.32,4,95,267,27,1,3,0.647,0.267
2.165,236.898,13,85,240,24,3,2,0.25,0.867
2.193,240.007,6,75,247,25,2,2,0.353,0.4
2.168,240.09,1,75,242,25,1,2,0.279,0.067
2.124,240.236,1,70,234,24,1,1,0.162,0.067
2.374,237.312,8,95,264,27,1,3,0.603,0.533
2.19,236.762,15,85,244,25,4,2,0.309,1.0
2.543,236.795,6,95,278,28,2,3,0.809,0.4
2.174,240.6,7,75,245,25,3,2,0.324,0.467
2.155,240.808,8,75,240,24,1,2,0.25,0.533
2.142,239.603,0,0,230,24,0,1,0.103,0.0
2.452,237.087,7,95,280,28,3,3,0.838,0.467
2.362,237.645,0,95,264,27,0,3,0.603,0.0
2.174,240.93,10,75,243,25,2,2,0.294,0.667
2.161,240.121,12,85,241,25,2,2,0.265,0.8
2.448,236.847,12,95,272,28,2,3,0.721,0.8
2.172,240.361,0,70,237,24,0,1,0.206,0.0
2.451,237.228,15,95,282,29,4,3,0.868,1.0
2.174,240.901,15,75,245,25,4,2,0.324,1.0
2.385,237.682,2,95,267,27,1,3,0.647,0.133
2.129,239.894,0,30,228,23,0,1,0.074,0.0
2.528,236.757,7,95,281,29,3,3,0.853,0.467
2.149,237.098,13,85,239,24,3,2,0.235,0.867
2.41,237.748,5,95,274,28,2,3,0.75,0.333
2.165,239.946,5,75,243,25,2,2,0.294,0.333
2.459,237.175,14,95,280,28,3,3,0.838,0.933
2.172,240.113,0,85,238,24,0,2,0.221,0.0
2.18,240.282,5,75,244,25,2,2,0.309,0.333
2.18,239.968,10,85,242,25,2,2,0.279,0.667
2.187,240.611,7,75,246,25,3,2,0.338,0.467
2.177,240.361,9,85,242,25,2,2,0.279,0.6
2.179,240.76,3,85,244,25,2,2,0.309,0.2
2.172,240.236,2,85,245,25,1,2,0.324,0.133
2.173,236.861,11,85,240,24,3,2,0.25,0.733
2.418,237.606,2,95,270,27,1,3,0.691,0.133
2.172,239.636,8,75,239,24,1,2,0.235,0.533
2.204,240.5,12,75,246,25,2,2,0.338,0.8
2.174,240.371,9,85,241,25,2,2,0.265,0.6
2.165,240.273,10,85,243,25,2,2,0.294,0.667
2.202,240.546,3,75,245,25,2,2,0.324,0.2
2.128,240.467,1,70,234,24,1,1,0.162,0.067
2.152,240.459,0,85,239,24,0,2,0.235,0.0
2.172,241.06,10,75,244,25,2,2,0.309,0.667
2.151,240.602,1,85,242,25,1,2,0.279,0.067
2.207,239.917,14,75,246,25,3,2,0.338,0.933
2.094,239.122,0,15,225,23,0,1,0.029,0.0
2.111,238.928,0,15,226,23,0,1,0.044,0.0
2.133,240.318,8,75,238,24,1,2,0.221,0.533
2.431,236.927,11,95,275,28,3,3,0.765,0.733
2.361,237.221,1,95,266,27,1,3,0.632,0.067
2.174,240.73,12,85,243,25,2,2,0.294,0.8
2.158,240.205,4,75,240,24,1,2,0.25,0.267
2.354,237.317,0,95,263,27,0,3,0.588,0.0
2.169,240.35,2,75,242,25,1,2,0.279,0.133
2.131,240.565,0,45,233,24,0,1,0.147,0.0
2.186,240.961,3,85,243,25,2,2,0.294,0.2
2.131,239.794,0,0,230,24,0,1,0.103,0.0
2.169,240.279,0,70,239,24,0,1,0.235,0.0
2.166,237.105,14,85,249,25,3,2,0.382,0.933
2.426,237.059,14,95,276,28,3,3,0.779,0.933
2.167,240.588,13,75,242,25,3,2,0.279,0.867
2.373,237.811,1,95,265,27,1,3,0.618,0.067
2.145,240.003,7,75,244,25,3,2,0.309,0.467
2.134,240.462,8,85,240,24,1,2,0.25,0.533
2.186,240.604,10,85,244,25,2,2,0.309,0.667
2.517,237.181,15,95,280,28,4,3,0.838,1.0
2.149,240.62,5,75,241,25,2,2,0.265,0.333
2.165,240.466,0,75,238,24,0,2,0.221,0.0
2.196,240.726,12,75,245,25,2,2,0.324,0.8
2.158,236.763,11,85,240,24,3,2,0.25,0.733
2.596,236.978,7,95,281,29,3,3,0.853,0.467
2.155,240.919,9,75,241,25,2,2,0.265,0.6
2.196,240.5,12,75,245,25,2,2,0.324,0.8
2.176,240.442,0,70,237,24,0,1,0.206,0.0
2.187,240.725,5,85,243,25,2,2,0.294,0.333
2.175,240.481,10,75,245,25,2,2,0.324,0.667
2.152,240.079,13,75,239,24,3,2,0.235,0.867
2.388,236.665,4,95,265,27,1,3,0.618,0.267
2.201,241.259,6,85,248,25,2,2,0.368,0.4
2.108,240.325,1,70,232,24,1,1,0.132,0.067
2.18,240.594,5,85,244,25,2,2,0.309,0.333
2.192,240.045,3,75,244,25,2,2,0.309,0.2
2.165,240.481,12,85,242,25,2,2,0.279,0.8
2.239,237.548,7,85,248,25,3,2,0.368,0.467
2.176,240.012,7,75,245,25,3,2,0.324,0.467
2.194,240.041,14,75,247,25,3,2,0.353,0.933
2.394,237.092,8,95,263,27,1,3,0.588,0.533
2.165,237.434,11,85,240,24,3,2,0.25,0.733
2.192,240.432,6,75,246,25,2,2,0.338,0.4
2.489,237.489,5,95,272,28,2,3,0.721,0.333
2.458,237.445,4,95,271,28,1,3,0.706,0.267
2.174,240.998,12,85,241,25,2,2,0.265,0.8
2.406,236.749,14,95,276,28,3,3,0.779,0.933
2.139,240.139,13,75,242,25,3,2,0.279,0.867
2.158,239.717,11,75,241,25,3,2,0.265,0.733
2.206,239.61,14,75,246,25,3,2,0.338,0.933
2.455,237.165,9,95,269,27,2,3,0.676,0.6
2.392,236.898,3,95,270,27,2,3,0.691,0.2
2.195,240.371,6,75,245,25,2,2,0.324,0.4
2.559,237.095,7,95,278,28,3,3,0.809,0.467
2.166,240.685,8,85,239,24,1,2,0.235,0.533
2.504,236.925,13,95,275,28,3,3,0.765,0.867
2.517,237.49,5,95,274,28,2,3,0.75,0.333
2.177,240.191,4,75,243,25,1,2,0.294,0.267
2.449,236.969,13,95,276,28,3,3,0.779,0.867
2.432,237.315,3,95,275,28,2,3,0.765,0.2
2.157,239.614,11,75,241,25,3,2,0.265,0.733
2.178,240.426,9,85,240,24,2,2,0.25,0.6
2.162,239.631,4,75,241,25,1,2,0.265,0.267
2.417,237.213,13,95,273,28,3,3,0.735,0.867
2.179,240.467,1,75,241,25,1,2,0.265,0.067
2.116,239.607,0,30,227,23,0,1,0.059,0.0
2.094,240.041,0,60,232,24,0,1,0.132,0.0
2.194,236.918,15,85,243,25,4,2,0.294,1.0
2.17,240.58,2,85,246,25,1,2,0.338,0.133
2.166,239.553,4,75,241,25,1,2,0.265,0.267
2.148,239.397,0,15,232,24,0,1,0.132,0.0
2.405,237.031,6,95,272,28,2,3,0.721,0.4
2.169,240.307,4,85,244,25,1,2,0.309,0.267
2.432,237.491,10,95,272,28,2,3,0.721,0.667
2.182,241.031,5,85,243,25,2,2,0.294,0.333
2.2,240.232,3,75,246,25,2,2,0.338,0.2
2.42,236.976,6,95,273,28,2,3,0.735,0.4
2.181,240.59,9,85,242,25,2,2,0.279,0.6
2.181,240.137,0,85,239,24,0,2,0.235,0.0
2.189,240.98,10,75,245,25,2,2,0.324,0.667
2.177,240.42,9,85,244,25,2,2,0.309,0.6
2.153,240.231,2,75,241,25,1,2,0.265,0.133
2.184,240.658,10,75,244,25,2,2,0.309,0.667
2.529,236.871,6,95,278,28,2,3,0.809,0.4
2.181,240.662,7,75,246,25,3,2,0.338,0.467
2.182,240.026,1,85,243,25,1,2,0.294,0.067
2.367,237.741,1,95,264,27,1,3,0.603,0.067
2.385,237.36,4,95,266,27,1,3,0.632,0.267
2.499,236.74,13,95,278,28,3,3,0.809,0.867
2.141,239.505,0,0,230,24,0,1,0.103,0.0
2.19,239.675,14,75,245,25,3,2,0.324,0.933
2.158,237.573,13,85,240,24,3,2,0.25,0.867
2.402,237.421,2,95,266,27,1,3,0.632,0.133
2.135,240.628,0,45,233,24,0,1,0.147,0.0
2.205,240.608,3,75,245,25,2,2,0.324,0.2
2.113,240.461,0,60,234,24,0,1,0.162,0.0
2.167,240.483,10,85,243,25,2,2,0.294,0.667
2.179,240.292,14,75,246,25,3,2,0.338,0.933
2.518,237.467,14,95,280,28,3,3,0.838,0.933
2.54,237.247,5,95,275,28,2,3,0.765,0.333
2.38,237.73,0,95,266,27,0,3,0.632,0.0
2.167,240.499,9,85,243,25,2,2,0.294,0.6
2.166,240.195,2,85,244,25,1,2,0.309,0.133
2.161,240.377,5,75,243,25,2,2,0.294,0.333
2.237,236.831,7,85,249,25,3,2,0.382,0.467
2.178,240.5,7,75,246,25,3,2,0.338,0.467
2.455,237.18,15,95,281,29,4,3,0.853,1.0
2.139,240.122,2,75,241,25,1,2,0.265,0.133
2.442,237.118,3,95,275,28,2,3,0.765,0.2
2.542,236.813,7,95,280,28,3,3,0.838,0.467
2.178,237.184,11,85,241,25,3,2,0.265,0.733
2.158,240.567,4,75,242,25,1,2,0.279,0.267
2.164,240.626,15,75,246,25,4,2,0.338,1.0
2.207,240.703,12,75,245,25,2,2,0.324,0.8
2.151,240.092,11,75,241,25,3,2,0.265,0.733
2.165,240.439,0,75,239,24,0,2,0.235,0.0
2.167,240.136,4,75,242,25,1,2,0.279,0.267
2.166,240.127,0,75,239,24,0,2,0.235,0.0
2.167,239.79,15,75,246,25,4,2,0.338,1.0
2.143,240.058,13,75,241,25,3,2,0.265,0.867
2.505,236.872,7,95,282,29,3,3,0.868,0.467
2.178,240.704,2,85,244,25,1,2,0.309,0.133
2.176,237.122,11,85,241,25,3,2,0.265,0.733
2.522,237.004,14,95,273,28,3,3,0.735,0.933
2.173,240.627,3,85,243,25,2,2,0.294,0.2
2.177,239.795,4,75,240,24,1,2,0.25,0.267
2.199,237.036,15,85,242,25,4,2,0.279,1.0
2.504,236.906,5,95,272,28,2,3,0.721,0.333
2.193,239.59,14,75,246,25,3,2,0.338,0.933
2.472,237.089,5,95,274,28,2,3,0.75,0.333
2.179,241.133,5,85,245,25,2,2,0.324,0.333
2.174,237.136,11,85,241,25,3,2,0.265,0.733
2.156,240.353,1,75,240,24,1,2,0.25,0.067
2.165,241.045,9,75,242,25,2,2,0.279,0.6
2.433,237.352,4,95,269,27,1,3,0.676,0.267
2.15,240.503,8,85,241,25,1,2,0.265,0.533
2.202,241.293,6,85,248,25,2,2,0.368,0.4
2.188,240.59,12,75,245,25,2,2,0.324,0.8
2.209,240.533,6,75,247,25,2,2,0.353,0.4
2.162,240.336,12,85,240,25,2,2,0.25,0.8
2.177,240.109,0,70,238,24,0,1,0.221,0.0
2.483,237.605,3,95,273,28,2,3,0.735,0.2
2.176,240.167,5,75,244,25,2,2,0.309,0.333
2.128,239.836,0,0,230,24,0,1,0.103,0.0
2.187,236.587,6,85,247,24,2,2,0.353,0.4
2.25,237.124,7,85,249,25,3,2,0.382,0.467
2.192,240.054,6,75,245,25,2,2,0.324,0.4
2.482,237.228,10,95,273,28,2,3,0.735,0.667
2.366,237.567,0,95,264,27,0,3,0.603,0.0
2.374,237.063,9,95,266,27,2,3,0.632,0.6
2.23,237.111,7,85,247,25,3,2,0.353,0.467
2.354,237.744,1,95,265,27,1,3,0.618,0.067
2.162,240.205,5,75,241,25,2,2,0.265,0.333
2.172,240.248,7,75,245,25,3,2,0.324,0.467
2.17,240.547,7,75,245,25,3,2,0.324,0.467
2.118,240.646,1,70,233,24,1,1,0.147,0.067
2.159,240.24,8,85,239,24,1,2,0.235,0.533
2.192,240.755,3,85,243,25,2,2,0.294,0.2
2.166,236.643,6,85,246,24,2,2,0.338,0.4
2.173,240.341,7,75,245,25,3,2,0.324,0.467
2.185,240.271,3,85,242,25,2,2,0.279,0.2
2.471,236.926,6,95,276,28,2,3,0.779,0.4
2.105,240.285,0,60,231,24,0,1,0.118,0.0
2.133,239.866,0,15,230,23,0,1,0.103,0.0
2.174,240.772,9,75,241,25,2,2,0.265,0.6
2.381,237.661,8,95,269,27,1,3,0.676,0.533
2.133,240.257,0,45,233,24,0,1,0.147,0.0
2.187,240.771,9,85,243,25,2,2,0.294,0.6
2.179,240.831,10,75,244,25,2,2,0.309,0.667
2.448,237.269,14,95,279,28,3,3,0.824,0.933
2.569,236.922,7,95,279,28,3,3,0.824,0.467
2.137,240.116,0,85,236,24,0,2,0.191,0.0
2.358,237.072,8,95,264,27,1,3,0.603,0.533
2.413,237.325,8,95,266,27,1,3,0.632,0.533
2.194,239.854,6,75,247,25,2,2,0.353,0.4
2.411,238.096,2,95,269,27,1,3,0.676,0.133
2.178,240.438,0,70,238,24,0,1,0.221,0.0
2.424,237.59,3,95,275,28,2,3,0.765,0.2
2.132,240.311,0,85,238,24,0,2,0.221,0.0
2.157,240.521,5,75,241,25,2,2,0.265,0.333
2.45,236.741,11,95,270,27,3,3,0.691,0.733
2.125,240.441,0,45,233,24,0,1,0.147,0.0
2.179,240.289,9,85,242,25,2,2,0.279,0.6
2.154,240.59,8,75,240,24,1,2,0.25,0.533
2.477,236.903,10,95,271,28,2,3,0.706,0.667
2.173,237.214,11,85,241,25,3,2,0.265,0.733
2.251,237.339,7,85,249,25,3,2,0.382,0.467
2.164,240.024,1,75,242,25,1,2,0.279,0.067
2.445,237.119,12,95,272,28,2,3,0.721,0.8
2.127,239.318,0,15,230,23,0,1,0.103,0.0
2.161,240.772,9,75,240,24,2,2,0.25,0.6
2.163,237.216,14,85,250,25,3,2,0.397,0.933
2.408,236.959,9,95,268,27,2,3,0.662,0.6
2.169,237.299,13,85,240,24,3,2,0.25,0.867
2.379,237.371,1,95,264,27,1,3,0.603,0.067
2.174,239.616,4,75,241,25,1,2,0.265,0.267
2.183,240.275,6,75,245,25,2,2,0.324,0.4
2.415,237.221,12,95,274,28,2,3,0.75,0.8
2.112,238.62,0,15,227,23,0,1,0.059,0.0
2.427,237.584,2,95,269,27,1,3,0.676,0.133
2.197,240.679,6,75,247,25,2,2,0.353,0.4
2.11,240.255,0,60,230,23,0,1,0.103,0.0
2.161,240.331,0,75,238,24,0,2,0.221,0.0
2.421,237.433,2,95,267,27,1,3,0.647,0.133
2.383,237.01,10,95,270,27,2,3,0.691,0.667
2.486,236.755,14,95,278,28,3,3,0.809,0.933
2.177,236.96,11,85,240,24,3,2,0.25,0.733
2.186,240.029,15,75,245,25,4,2,0.324,1.0
2.182,239.784,4,75,241,25,1,2,0.265,0.267
2.173,236.88,11,85,240,24,3,2,0.25,0.733
2.182,240.002,15,75,245,25,4,2,0.324,1.0
2.171,236.968,14,85,248,25,3,2,0.368,0.933
2.201,240.431,12,75,245,25,2,2,0.324,0.8
2.107,240.542,15,75,245,24,4,2,0.324,1.0
2.446,237.173,3,95,276,28,2,3,0.779,0.2
2.165,240.259,1,75,241,25,1,2,0.265,0.067
2.16,240.4,8,85,239,24,1,2,0.235,0.533
2.187,240.67,3,85,243,25,2,2,0.294,0.2
2.455,236.92,4,95,268,27,1,3,0.662,0.267
2.23,237.172,7,85,247,25,3,2,0.353,0.467
2.418,236.952,11,95,276,28,3,3,0.779,0.733
2.202,239.7,14,75,245,25,3,2,0.324,0.933
2.172,239.952,7,75,245,25,3,2,0.324,0.467
2.422,237.051,9,95,270,27,2,3,0.691,0.6
2.404,237.169,9,95,269,27,2,3,0.676,0.6
2.171,239.968,4,85,244,25,1,2,0.309,0.267
2.131,240.259,0,45,234,24,0,1,0.162,0.0
